KB,Description
KB2305420,Not in lookup table
KB2386667,Not in lookup table
KB2393802,Not in lookup table
KB2425227,Not in lookup table
KB2475792,Not in lookup table
KB2476490,Not in lookup table
KB2478662,Not in lookup table
KB2479628,Not in lookup table
KB2479943,Not in lookup table
KB2485376,Not in lookup table
KB2497640,Not in lookup table
KB2503658,Not in lookup table
KB2503665,Not in lookup table
KB2506014,Not in lookup table
KB2506212,Not in lookup table
KB2506223,Not in lookup table
KB2506928,Not in lookup table
KB2507618,Not in lookup table
KB2507938,Not in lookup table
KB2508272,Not in lookup table
KB2508429,Not in lookup table
KB2509553,Not in lookup table
KB2510531,Not in lookup table
KB2511455,Not in lookup table
KB2518869,Not in lookup table
KB2524375,Not in lookup table
KB2525694,Not in lookup table
KB2530548,Not in lookup table
KB2533552,Not in lookup table
KB2534366,Not in lookup table
KB2536275,Not in lookup table
KB2536276,Not in lookup table
KB2539635,Not in lookup table
KB2544893,Not in lookup table
KB2545698,Not in lookup table
KB2547666,Not in lookup table
KB2550978,Not in lookup table
KB2552343,Not in lookup table
KB2555917,Not in lookup table
KB2556532,Not in lookup table
KB2559049,Not in lookup table
KB2560656,Not in lookup table
KB2562485,Not in lookup table
KB2563227,Not in lookup table
KB2564958,Not in lookup table
KB2567680,Not in lookup table
KB2570947,Not in lookup table
KB2572077,Not in lookup table
KB2574819,Not in lookup table
KB2584146,Not in lookup table
KB2585542,Not in lookup table
KB2586448,Not in lookup table
KB2588516,Not in lookup table
KB2592687,Not in lookup table
KB2603229,Not in lookup table
KB2604115,Not in lookup table
KB2607047,Not in lookup table
KB2608658,Not in lookup table
KB2617657,Not in lookup table
KB2618444,Not in lookup table
KB2618451,Not in lookup table
KB2620704,Not in lookup table
KB2620712,Not in lookup table
KB2621146,Not in lookup table
KB2621440,Not in lookup table
KB2631813,Not in lookup table
KB2633873,Not in lookup table
KB2639417,Not in lookup table
KB2640148,Not in lookup table
KB2641653,Not in lookup table
KB2641690,Not in lookup table
KB2643719,Not in lookup table
KB2644615,Not in lookup table
KB2645640,Not in lookup table
KB2647170,Not in lookup table
KB2647516,Not in lookup table
KB2647753,Not in lookup table
KB2653956,Not in lookup table
KB2654428,Not in lookup table
KB2655992,Not in lookup table
KB2656356,Not in lookup table
KB2656373,Not in lookup table
KB2656411,Not in lookup table
KB2658846,Not in lookup table
KB2659262,Not in lookup table
KB2660075,Not in lookup table
KB2660465,Not in lookup table
KB2660649,Not in lookup table
KB2661254,Not in lookup table
KB2665364,Not in lookup table
KB2667402,Not in lookup table
KB2670838,Not in lookup table
KB2675157,Not in lookup table
KB2676562,Not in lookup table
KB2685811,Not in lookup table
KB2685813,Not in lookup table
KB2685939,Not in lookup table
KB2686831,Not in lookup table
KB2688338,Not in lookup table
KB2690533,Not in lookup table
KB2691442,Not in lookup table
KB2698365,Not in lookup table
KB2699988,Not in lookup table
KB2705219,Not in lookup table
KB2706045,Not in lookup table
KB2709162,Not in lookup table
KB2709715,Not in lookup table
KB2712808,Not in lookup table
KB2718523,Not in lookup table
KB2718704,Not in lookup table
KB2719033,Not in lookup table
KB2719857,Not in lookup table
KB2719985,Not in lookup table
KB2722913,Not in lookup table
KB2724197,Not in lookup table
KB2726535,Not in lookup table
KB2727528,Not in lookup table
KB2729094,Not in lookup table
KB2729452,Not in lookup table
KB2731847,Not in lookup table
KB2732059,Not in lookup table
KB2735855,Not in lookup table
KB2736422,Not in lookup table
KB2742599,Not in lookup table
KB2743555,Not in lookup table
KB2744842,Not in lookup table
KB2749655,Not in lookup table
KB2750841,Not in lookup table
KB2753842,Not in lookup table
KB2756921,Not in lookup table
KB2757638,Not in lookup table
KB2758857,Not in lookup table
KB2761217,Not in lookup table
KB2761226,Not in lookup table
KB2761465,Not in lookup table
KB2763523,Not in lookup table
KB2765809,Not in lookup table
KB2769369,Not in lookup table
KB2770660,Not in lookup table
KB2772930,Not in lookup table
KB2778344,Not in lookup table
KB2778930,Not in lookup table
KB2785220,Not in lookup table
KB2786081,Not in lookup table
KB2789645,Not in lookup table
KB2790113,Not in lookup table
KB2790655,Not in lookup table
KB2791765,Not in lookup table
KB2798162,Not in lookup table
KB2799494,Not in lookup table
KB2800095,Not in lookup table
KB2803821,Not in lookup table
KB2804579,Not in lookup table
KB2806748,Not in lookup table
KB2807986,Not in lookup table
KB2808679,Not in lookup table
KB2808735,Not in lookup table
KB2809215,Not in lookup table
KB2809289,Not in lookup table
KB2813170,Not in lookup table
KB2813347,Not in lookup table
KB2813430,Not in lookup table
KB2817183,Not in lookup table
KB2820197,Not in lookup table
KB2829361,Not in lookup table
KB2829530,Not in lookup table
KB2830290,Not in lookup table
KB2830477,Not in lookup table
KB2832414,Not in lookup table
KB2833946,Not in lookup table
KB2834140,Not in lookup table
KB2834886,Not in lookup table
KB2835361,Not in lookup table
KB2835364,Not in lookup table
KB2836943,Not in lookup table
KB2839894,Not in lookup table
KB2840149,Not in lookup table
KB2840631,Not in lookup table
KB2841134,Not in lookup table
KB2843630,Not in lookup table
KB2844286,Not in lookup table
KB2845187,Not in lookup table
KB2845690,Not in lookup table
KB2846071,Not in lookup table
KB2847311,Not in lookup table
KB2847927,Not in lookup table
KB2849470,Not in lookup table
KB2849696,Not in lookup table
KB2849697,Not in lookup table
KB2850851,Not in lookup table
KB2852386,Not in lookup table
KB2853587,Not in lookup table
KB2853952,Not in lookup table
KB2855844,Not in lookup table
KB2857650,Not in lookup table
KB2859537,Not in lookup table
KB2861191,Not in lookup table
KB2861698,Not in lookup table
KB2861855,Not in lookup table
KB2862152,Not in lookup table
KB2862330,Not in lookup table
KB2862335,Not in lookup table
KB2862772,Not in lookup table
KB2862966,Not in lookup table
KB2862973,Not in lookup table
KB2863240,Not in lookup table
KB2864058,Not in lookup table
KB2864202,Not in lookup table
KB2868038,Not in lookup table
KB2868116,Not in lookup table
KB2868623,Not in lookup table
KB2868626,Not in lookup table
KB2868725,Not in lookup table
KB2870699,Not in lookup table
KB2871997,Not in lookup table
KB2872035,Not in lookup table
KB2872339,Not in lookup table
KB2875783,Not in lookup table
KB2876284,Not in lookup table
KB2876315,Not in lookup table
KB2876331,Not in lookup table
KB2882822,Not in lookup table
KB2883150,Not in lookup table
KB2883200,Not in lookup table
KB2884256,Not in lookup table
KB2887069,Not in lookup table
KB2887595,Not in lookup table
KB2888505,Not in lookup table
KB2891804,Not in lookup table
KB2892074,Not in lookup table
KB2893294,Not in lookup table
KB2893519,Not in lookup table
KB2893984,Not in lookup table
KB2894029,Not in lookup table
KB2894179,Not in lookup table
KB2894844,Not in lookup table
KB2894852,Not in lookup table
KB2894856,Not in lookup table
KB2896496,Not in lookup table
KB2898785,Not in lookup table
KB2898857,Not in lookup table
KB2900986,Not in lookup table
KB2901112,Not in lookup table
KB2903939,Not in lookup table
KB2904266,Not in lookup table
KB2904440,Not in lookup table
KB2908783,Not in lookup table
KB2909210,Not in lookup table
KB2911106,Not in lookup table
KB2911501,Not in lookup table
KB2912390,Not in lookup table
KB2913602,Not in lookup table
KB2916036,Not in lookup table
KB2918614,Not in lookup table
KB2919355,Not in lookup table
KB2919394,Not in lookup table
KB2919442,Not in lookup table
KB2919469,Not in lookup table
KB2920189,Not in lookup table
KB2922229,Not in lookup table
KB2923392,Not in lookup table
KB2923545,Not in lookup table
KB2925418,Not in lookup table
KB2926765,Not in lookup table
KB2928120,Not in lookup table
KB2928680,Not in lookup table
KB2929733,Not in lookup table
KB2929961,Not in lookup table
KB2930275,Not in lookup table
KB2931356,Not in lookup table
KB2934520,Not in lookup table
KB2936068,Not in lookup table
KB2937610,Not in lookup table
KB2938066,Not in lookup table
KB2939576,Not in lookup table
KB2943357,Not in lookup table
KB2954879,Not in lookup table
KB2955164,Not in lookup table
KB2957189,Not in lookup table
KB2957503,Not in lookup table
KB2957509,Not in lookup table
KB2957689,Not in lookup table
KB2959146,Not in lookup table
KB2959626,Not in lookup table
KB2961072,Not in lookup table
KB2961908,Not in lookup table
KB2962409,Not in lookup table
KB2962806,Not in lookup table
KB2962872,Not in lookup table
KB2965500,Not in lookup table
KB2966583,Not in lookup table
KB2966826,Not in lookup table
KB2966828,Not in lookup table
KB2967917,Not in lookup table
KB2968294,Not in lookup table
KB2968296,Not in lookup table
KB2969339,Not in lookup table
KB2970228,Not in lookup table
KB2971203,Not in lookup table
KB2971850,Not in lookup table
KB2972100,Not in lookup table
KB2972103,Not in lookup table
KB2972211,Not in lookup table
KB2972213,Not in lookup table
KB2972280,Not in lookup table
KB2973112,Not in lookup table
KB2973114,Not in lookup table
KB2973201,Not in lookup table
KB2973351,Not in lookup table
KB2973448,Not in lookup table
KB2975061,Not in lookup table
KB2975719,Not in lookup table
KB2976627,Not in lookup table
KB2976897,Not in lookup table
KB2977292,Not in lookup table
KB2977629,Not in lookup table
KB2977765,Not in lookup table
KB2978041,Not in lookup table
KB2978120,Not in lookup table
KB2978122,Not in lookup table
KB2978126,Not in lookup table
KB2978668,Not in lookup table
KB2979570,Not in lookup table
KB2982378,Not in lookup table
KB2982791,Not in lookup table
KB2982998,Not in lookup table
KB2984006,Not in lookup table
KB2984972,Not in lookup table
KB2985461,Not in lookup table
KB2987107,Not in lookup table
KB2989647,Not in lookup table
KB2989930,Not in lookup table
KB2990214,Not in lookup table
KB2991963,Not in lookup table
KB2992611,Not in lookup table
KB2993100,Not in lookup table
KB2993651,Not in lookup table
KB2993958,Not in lookup table
KB2995004,Not in lookup table
KB2995388,Not in lookup table
KB2996799,Not in lookup table
KB2998174,Not in lookup table
KB2999226,Not in lookup table
KB3000061,Not in lookup table
KB3000483,Not in lookup table
KB3000850,Not in lookup table
KB3000869,Not in lookup table
KB3002657,Not in lookup table
KB3002885,Not in lookup table
KB3003057,Not in lookup table
KB3003743,Not in lookup table
KB3004361,Not in lookup table
KB3004365,Not in lookup table
KB3004375,Not in lookup table
KB3004545,Not in lookup table
KB3005607,Not in lookup table
KB3006121,Not in lookup table
KB3006137,Not in lookup table
KB3006226,Not in lookup table
KB3008242,Not in lookup table
KB3008923,Not in lookup table
KB3010788,Not in lookup table
KB3011780,Not in lookup table
KB3012199,Not in lookup table
KB3012235,Not in lookup table
KB3012702,Not in lookup table
KB3013172,Not in lookup table
KB3013455,Not in lookup table
KB3013531,Not in lookup table
KB3013538,Not in lookup table
KB3013769,Not in lookup table
KB3013791,Not in lookup table
KB3013816,Not in lookup table
KB3014029,Not in lookup table
KB3014442,Not in lookup table
KB3015696,Not in lookup table
KB3018133,Not in lookup table
KB3018238,Not in lookup table
KB3019215,Not in lookup table
KB3019978,Not in lookup table
KB3020369,Not in lookup table
KB3020370,Not in lookup table
KB3020388,Not in lookup table
KB3021674,Not in lookup table
KB3021910,Not in lookup table
KB3021952,Not in lookup table
KB3022345,Not in lookup table
KB3022777,Not in lookup table
KB3023215,Not in lookup table
KB3023219,Not in lookup table
KB3023222,Not in lookup table
KB3023266,Not in lookup table
KB3023562,Not in lookup table
KB3024751,Not in lookup table
KB3024755,Not in lookup table
KB3029603,Not in lookup table
KB3029944,Not in lookup table
KB3030377,Not in lookup table
KB3030947,Not in lookup table
KB3031432,Not in lookup table
KB3032323,Not in lookup table
KB3032359,Not in lookup table
KB3032655,Not in lookup table
KB3032663,Not in lookup table
KB3033446,Not in lookup table
KB3033889,Not in lookup table
KB3033890,Not in lookup table
KB3033929,Not in lookup table
KB3034344,Not in lookup table
KB3034348,Not in lookup table
KB3035126,Not in lookup table
KB3035131,Not in lookup table
KB3035132,Not in lookup table
KB3036612,Not in lookup table
KB3037574,Not in lookup table
KB3037576,Not in lookup table
KB3037579,Not in lookup table
KB3037924,Not in lookup table
KB3038002,Not in lookup table
KB3038314,Not in lookup table
KB3038701,Not in lookup table
KB3039066,Not in lookup table
KB3041857,Not in lookup table
KB3042058,Not in lookup table
KB3042085,Not in lookup table
KB3042553,Not in lookup table
KB3043812,Not in lookup table
KB3044374,Not in lookup table
KB3044673,Not in lookup table
KB3045171,Not in lookup table
KB3045634,Not in lookup table
KB3045685,Not in lookup table
KB3045717,Not in lookup table
KB3045719,Not in lookup table
KB3045755,Not in lookup table
KB3045992,Not in lookup table
KB3045999,Not in lookup table
KB3046002,Not in lookup table
KB3046017,Not in lookup table
KB3046049,Not in lookup table
KB3046269,Not in lookup table
KB3046306,Not in lookup table
KB3046339,Not in lookup table
KB3046359,Not in lookup table
KB3046482,Not in lookup table
KB3046737,Not in lookup table
KB3048043,Not in lookup table
KB3048070,Not in lookup table
KB3049563,Not in lookup table
KB3051768,Not in lookup table
KB3054169,Not in lookup table
KB3054203,Not in lookup table
KB3054205,Not in lookup table
KB3054256,Not in lookup table
KB3054464,Not in lookup table
KB3054476,Not in lookup table
KB3055323,Not in lookup table
KB3055343,Not in lookup table
KB3055642,Not in lookup table
KB3057154,Not in lookup table
KB3057839,Not in lookup table
KB3058168,Not in lookup table
KB3058515,Not in lookup table
KB3059316,Not in lookup table
KB3059317,Not in lookup table
KB3060681,Not in lookup table
KB3060716,Not in lookup table
KB3060793,Not in lookup table
KB3061468,Not in lookup table
KB3061512,Not in lookup table
KB3061518,Not in lookup table
KB3063843,Not in lookup table
KB3063858,Not in lookup table
KB3065822,Not in lookup table
KB3065979,Not in lookup table
KB3067505,Not in lookup table
KB3067903,Not in lookup table
KB3068457,Not in lookup table
KB3068708,Not in lookup table
KB3069114,Not in lookup table
KB3069392,Not in lookup table
KB3070102,Not in lookup table
KB3071663,Not in lookup table
KB3071756,Not in lookup table
KB3072305,Not in lookup table
KB3072307,Not in lookup table
KB3072595,Not in lookup table
KB3072630,Not in lookup table
KB3072633,Not in lookup table
KB3074228,Not in lookup table
KB3074543,Not in lookup table
KB3074545,Not in lookup table
KB3074548,Not in lookup table
KB3075220,Not in lookup table
KB3075226,Not in lookup table
KB3075851,Not in lookup table
KB3075853,Not in lookup table
KB3076895,Not in lookup table
KB3076949,Not in lookup table
KB3077657,Not in lookup table
KB3077715,Not in lookup table
KB3078071,Not in lookup table
KB3078405,Not in lookup table
KB3078601,Not in lookup table
KB3078667,Not in lookup table
KB3078676,Not in lookup table
KB3079757,Not in lookup table
KB3079904,Not in lookup table
KB3080042,Not in lookup table
KB3080079,Not in lookup table
KB3080149,Not in lookup table
KB3080446,Not in lookup table
KB3081320,Not in lookup table
KB3082089,Not in lookup table
KB3083324,Not in lookup table
KB3083325,Not in lookup table
KB3083710,Not in lookup table
KB3083711,Not in lookup table
KB3083992,Not in lookup table
KB3084135,Not in lookup table
KB3084905,Not in lookup table
KB3086255,Not in lookup table
KB3087038,Not in lookup table
KB3087039,Not in lookup table
KB3087040,Not in lookup table
KB3087041,Not in lookup table
KB3087137,Not in lookup table
KB3087916,Not in lookup table
KB3088195,Not in lookup table
KB3089023,Not in lookup table
KB3091297,Not in lookup table
KB3092601,Not in lookup table
KB3092627,Not in lookup table
KB3093983,Not in lookup table
KB3094486,Not in lookup table
KB3095701,Not in lookup table
KB3096433,Not in lookup table
KB3097877,Not in lookup table
KB3097966,Not in lookup table
KB3097989,Not in lookup table
KB3097992,Not in lookup table
KB3097997,Not in lookup table
KB3098779,Not in lookup table
KB3099406,Not in lookup table
KB3099834,Not in lookup table
KB3099862,Not in lookup table
KB3100213,Not in lookup table
KB3100465,Not in lookup table
KB3100473,Not in lookup table
KB3100773,Not in lookup table
KB3100956,Not in lookup table
KB3101246,Not in lookup table
KB3101722,Not in lookup table
KB3102429,Not in lookup table
KB3102467,Not in lookup table
KB3102810,Not in lookup table
KB3102812,Not in lookup table
KB3102939,Not in lookup table
KB3103616,Not in lookup table
KB3103688,Not in lookup table
KB3103696,Not in lookup table
KB3103709,Not in lookup table
KB3104002,Not in lookup table
KB3105216,Not in lookup table
KB3107998,Not in lookup table
KB3108326,Not in lookup table
KB3108347,Not in lookup table
KB3108371,Not in lookup table
KB3108381,Not in lookup table
KB3108664,Not in lookup table
KB3108670,Not in lookup table
KB3109094,Not in lookup table
KB3109103,Not in lookup table
KB3109560,Not in lookup table
KB3109976,Not in lookup table
KB3110329,Not in lookup table
KB3112148,Not in lookup table
KB3112336,Not in lookup table
KB3112343,Not in lookup table
KB3115224,Not in lookup table
KB3115858,Not in lookup table
KB3118401,Not in lookup table
KB3119147,Not in lookup table
KB3121212,Not in lookup table
KB3121255,Not in lookup table
KB3121261,Not in lookup table
KB3121461,Not in lookup table
KB3121918,Not in lookup table
KB3122648,Not in lookup table
KB3122651,Not in lookup table
KB3123242,Not in lookup table
KB3123245,Not in lookup table
KB3123479,Not in lookup table
KB3124000,Not in lookup table
KB3124001,Not in lookup table
KB3124275,Not in lookup table
KB3124280,Not in lookup table
KB3125424,Not in lookup table
KB3126033,Not in lookup table
KB3126041,Not in lookup table
KB3126434,Not in lookup table
KB3126446,Not in lookup table
KB3126587,Not in lookup table
KB3126593,Not in lookup table
KB3127060,Not in lookup table
KB3127220,Not in lookup table
KB3127222,Not in lookup table
KB3128650,Not in lookup table
KB3132372,Not in lookup table
KB3133043,Not in lookup table
KB3133431,Not in lookup table
KB3133681,Not in lookup table
KB3133690,Not in lookup table
KB3133924,Not in lookup table
KB3133977,Not in lookup table
KB3134179,Not in lookup table
KB3134214,Not in lookup table
KB3134222,Not in lookup table
KB3134785,Not in lookup table
KB3134812,Not in lookup table
KB3134814,Not in lookup table
KB3134815,Not in lookup table
KB3135449,Not in lookup table
KB3135456,Not in lookup table
KB3135782,Not in lookup table
KB3135983,Not in lookup table
KB3135985,Not in lookup table
KB3136019,Not in lookup table
KB3137061,Not in lookup table
KB3137725,Not in lookup table
KB3137728,Not in lookup table
KB3137923,Not in lookup table
KB3138378,Not in lookup table
KB3138602,Not in lookup table
KB3138612,Not in lookup table
KB3138615,Not in lookup table
KB3138910,Not in lookup table
KB3138962,Not in lookup table
KB3139162,Not in lookup table
KB3139164,Not in lookup table
KB3139165,Not in lookup table
KB3139398,Not in lookup table
KB3139914,Not in lookup table
KB3139921,Not in lookup table
KB3139929,Not in lookup table
KB3139940,Not in lookup table
KB3140219,Not in lookup table
KB3140234,Not in lookup table
KB3140245,Not in lookup table
KB3140735,Not in lookup table
KB3141092,Not in lookup table
KB3142024,Not in lookup table
KB3142026,Not in lookup table
KB3142042,Not in lookup table
KB3142045,Not in lookup table
KB3144756,Not in lookup table
KB3144850,Not in lookup table
KB3145384,Not in lookup table
KB3145432,Not in lookup table
KB3145739,Not in lookup table
KB3146604,Not in lookup table
KB3146706,Not in lookup table
KB3146723,Not in lookup table
KB3146751,Not in lookup table
KB3146963,Not in lookup table
KB3146978,Not in lookup table
KB3147071,Not in lookup table
KB3148146,Not in lookup table
KB3149090,Not in lookup table
KB3149157,Not in lookup table
KB3151864,Not in lookup table
KB3153171,Not in lookup table
KB3153199,Not in lookup table
KB3153704,Not in lookup table
KB3154070,Not in lookup table
KB3155784,Not in lookup table
KB3156013,Not in lookup table
KB3156016,Not in lookup table
KB3156017,Not in lookup table
KB3156019,Not in lookup table
KB3156059,Not in lookup table
KB3157993,Not in lookup table
KB3159398,Not in lookup table
KB3160005,Not in lookup table
KB3160352,Not in lookup table
KB3161561,Not in lookup table
KB3161664,Not in lookup table
KB3161949,Not in lookup table
KB3161958,Not in lookup table
KB3162343,Not in lookup table
KB3162835,Not in lookup table
KB3163207,Not in lookup table
KB3163245,Not in lookup table
KB3163247,Not in lookup table
KB3164033,Not in lookup table
KB3164035,Not in lookup table
KB3164294,Not in lookup table
KB3167679,Not in lookup table
KB3167685,Not in lookup table
KB3168965,Not in lookup table
KB3169704,Not in lookup table
KB3170106,Not in lookup table
KB3170455,Not in lookup table
KB3172605,Not in lookup table
KB3172614,Not in lookup table
KB3172727,Not in lookup table
KB3172729,Not in lookup table
KB3173424,Not in lookup table
KB3174060,Not in lookup table
KB3174644,Not in lookup table
KB3175024,Not in lookup table
KB3175443,Not in lookup table
KB3177108,Not in lookup table
KB3177186,Not in lookup table
KB3177467,Not in lookup table
KB3177725,Not in lookup table
KB3178034,Not in lookup table
KB3178539,Not in lookup table
KB3179573,Not in lookup table
KB3179574,Not in lookup table
KB3181988,Not in lookup table
KB3184122,Not in lookup table
KB3184471,Not in lookup table
KB3184943,Not in lookup table
KB3185319,Not in lookup table
KB3185911,Not in lookup table
KB3186539,Not in lookup table
KB3186568,Microsoft .NET Framework 4.7 for Windows 10 Version 1607 and Windows Server 2016 for x64 (KB3186568)
KB3188128,Not in lookup table
KB3188730,Not in lookup table
KB3188740,Not in lookup table
KB3191564,Not in lookup table
KB3191566,Not in lookup table
KB3192392,Not in lookup table
KB3194343,Not in lookup table
KB3197873,Not in lookup table
KB3199986,Update for Windows Server 2016 for x64-based Systems (KB3199986)
KB3202790,Not in lookup table
KB3205400,Not in lookup table
KB3209498,Not in lookup table
KB3210132,Not in lookup table
KB3210135,Not in lookup table
KB3210137,Not in lookup table
KB3214628,Not in lookup table
KB4010250,Not in lookup table
KB4012212,Not in lookup table
KB4012213,Not in lookup table
KB4012864,Not in lookup table
KB4014504,Not in lookup table
KB4014505,Not in lookup table
KB4014510,Not in lookup table
KB4014512,Not in lookup table
KB4014562,Not in lookup table
KB4014573,Not in lookup table
KB4014574,Not in lookup table
KB4014579,Not in lookup table
KB4014581,Not in lookup table
KB4014596,Not in lookup table
KB4014598,Not in lookup table
KB4014604,Not in lookup table
KB4014611,Not in lookup table
KB4015193,Not in lookup table
KB4015546,Not in lookup table
KB4015547,Not in lookup table
KB4018271,Not in lookup table
KB4019213,Not in lookup table
KB4019263,Not in lookup table
KB4019990,Not in lookup table
KB4020322,Not in lookup table
KB4020821,Not in lookup table
KB4021558,Not in lookup table
KB4022717,Not in lookup table
KB4022722,Not in lookup table
KB4022730,Not in lookup table
KB4023834,Not in lookup table
KB4024843,Not in lookup table
KB4024847,Not in lookup table
KB4025252,Not in lookup table
KB4025333,Not in lookup table
KB4025335,Not in lookup table
KB4025337,Not in lookup table
KB4025376,Not in lookup table
KB4033369,Not in lookup table
KB4033428,Not in lookup table
KB4033989,Not in lookup table
KB4033997,Not in lookup table
KB4034662,Not in lookup table
KB4034672,Not in lookup table
KB4034679,Not in lookup table
KB4034733,Not in lookup table
KB4036586,Not in lookup table
KB4038779,Not in lookup table
KB4038793,Not in lookup table
KB4038806,Not in lookup table
KB4040966,Not in lookup table
KB4040967,Not in lookup table
KB4040972,Not in lookup table
KB4040974,Not in lookup table
KB4040980,Not in lookup table
KB4040981,Not in lookup table
KB4041678,Not in lookup table
KB4041687,Not in lookup table
KB4041777,Not in lookup table
KB4043763,Not in lookup table
KB4047206,Not in lookup table
KB4048951,Not in lookup table
KB4048960,Not in lookup table
KB4048961,Not in lookup table
KB4049065,Not in lookup table
KB4049068,Not in lookup table
KB4051956,Not in lookup table
KB4052978,Not in lookup table
KB4053577,Not in lookup table
KB4054176,Not in lookup table
KB4054177,Not in lookup table
KB4054521,Not in lookup table
KB4054522,Not in lookup table
KB4054566,Not in lookup table
KB4054590,Microsoft .NET Framework 4.7.2 for Windows 10 Version 1607 and Server 2016 for x64 (KB4054590)
KB4054854,Not in lookup table
KB4054980,Not in lookup table
KB4054998,Not in lookup table
KB4054999,Not in lookup table
KB4055001,Not in lookup table
KB4056568,Not in lookup table
KB4056887,Not in lookup table
KB4073700,Not in lookup table
KB4074587,Not in lookup table
KB4074595,Not in lookup table
KB4074597,Not in lookup table
KB4074736,Not in lookup table
KB4074837,Not in lookup table
KB4088785,Not in lookup table
KB4088878,Not in lookup table
KB4088879,Not in lookup table
KB4089187,Not in lookup table
KB4089510,Not in lookup table
KB4091664,Not in lookup table
KB4092946,Not in lookup table
KB4093110,Not in lookup table
KB4093115,Not in lookup table
KB4093137,Not in lookup table
KB4095515,Not in lookup table
KB4095874,Not in lookup table
KB4095875,Not in lookup table
KB4096236,Not in lookup table
KB4096417,Not in lookup table
KB4098972,Not in lookup table
KB4099950,Not in lookup table
KB4100480,Not in lookup table
KB4103715,Not in lookup table
KB4103729,Not in lookup table
KB4103768,Not in lookup table
KB4132216,2018-05 Update for Windows Server 2016 for x64-based Systems (KB4132216)
KB4230450,Not in lookup table
KB4284878,Not in lookup table
KB4287903,Not in lookup table
KB4338419,Not in lookup table
KB4338424,Not in lookup table
KB4338605,Not in lookup table
KB4338824,Not in lookup table
KB4338832,Not in lookup table
KB4339284,Not in lookup table
KB4343205,Not in lookup table
KB4343888,Not in lookup table
KB4343902,Not in lookup table
KB4344145,Not in lookup table
KB4344152,Not in lookup table
KB4344153,Not in lookup table
KB4344166,Not in lookup table
KB4344178,Not in lookup table
KB4345424,Not in lookup table
KB4457008,Not in lookup table
KB4457009,Not in lookup table
KB4457015,Not in lookup table
KB4457034,Not in lookup table
KB4457044,Not in lookup table
KB4457045,Not in lookup table
KB4457131,2018-09 Delta Update for Windows Server 2016 for x64-based Systems (KB4457131)
KB4457143,Not in lookup table
KB4457146,Not in lookup table
KB4459934,Not in lookup table
KB4459935,Not in lookup table
KB4459941,Not in lookup table
KB4462901,Not in lookup table
KB4462930,Update for Adobe Flash Player for Windows Server 2019 (1809) for x64-based Systems (KB4462930)
KB4462941,Not in lookup table
KB4465659,Not in lookup table
KB4466536,Not in lookup table
KB4467087,Not in lookup table
KB4467694,Not in lookup table
KB4467703,Not in lookup table
KB4468323,Not in lookup table
KB4470630,Not in lookup table
KB4470639,Not in lookup table
KB4470641,Not in lookup table
KB4470788,2018-11 Update for Windows Server 2019 for x64-based Systems (KB4470788)
KB4471331,Not in lookup table
KB4474419,Not in lookup table
KB4480054,Not in lookup table
KB4480063,Not in lookup table
KB4480064,Not in lookup table
KB4480095,Not in lookup table
KB4480979,Not in lookup table
KB4483187,Not in lookup table
KB4483450,Not in lookup table
KB4483452,2019-02 Cumulative Update for .NET Framework 3.5 and 4.7.2 for Windows Server 2019 for x64 (KB4483452)
KB4483458,Not in lookup table
KB4483459,Not in lookup table
KB4485447,2019-02 Servicing Stack Update for Windows Server 2016 for x64-based Systems (KB4485447)
KB4486105,Not in lookup table
KB4486459,Not in lookup table
KB4487038,Not in lookup table
KB4489883,Not in lookup table
KB4489899,2019-03 Cumulative Update for Windows Server 2019 for x64-based Systems (KB4489899)
KB4489907,Not in lookup table
KB4490628,Not in lookup table
KB4493467,Not in lookup table
KB4493473,Not in lookup table
KB4493478,Not in lookup table
KB4494174,2020-01 Update for Windows Server 2019 for x64-based Systems (KB4494174)
KB4494175,2019-06 Update for Windows Server 2016 for x64-based Systems (KB4494175)
KB4495585,Not in lookup table
KB4495586,Not in lookup table
KB4495606,Not in lookup table
KB4495608,Not in lookup table
KB4495615,Not in lookup table
KB4497165,"2020-09 Update for Windows Server, version 1909 for x64-based Systems (KB4497165)"
KB4497932,Not in lookup table
KB4498947,2019-05 Servicing Stack Update for Windows Server 2016 for x64-based Systems (KB4498947)
KB4501226,Not in lookup table
KB4503290,Not in lookup table
KB4503308,Not in lookup table
KB4503537,2019-06 Servicing Stack Update for Windows Server 2016 for x64-based Systems (KB4503537)
KB4504418,Not in lookup table
KB4505050,Not in lookup table
KB4506977,Not in lookup table
KB4506996,Not in lookup table
KB4507004,Not in lookup table
KB4507005,Not in lookup table
KB4509091,2019-07 Servicing Stack Update for Windows Server 2016 for x64-based Systems (KB4509091)
KB4512574,2019-09 Servicing Stack Update for Windows Server 2016 for x64-based Systems (KB4512574)
KB4512577,2019-09 Servicing Stack Update for Windows Server 2019 for x64-based Systems (KB4512577)
KB4513661,Not in lookup table
KB4514338,Not in lookup table
KB4514350,Not in lookup table
KB4514371,Not in lookup table
KB4515846,Not in lookup table
KB4516115,2019-09 Security Update for Adobe Flash Player for Windows Server 2019 for x64-based Systems (KB4516115)
KB4516655,2019-09 Servicing Stack Update for Windows 7 for x64-based Systems (KB4516655)
KB4517245,"NOT IN MS CATALOGeature Update via Windows 10, version 1909 Enablement Package"
KB4519108,2019-10 Update for Windows Server 2012 R2 for x64-based Systems (KB4519108)
KB4520724,2019-11 Servicing Stack Update for Windows Server 2016 for x64-based Systems (KB4520724)
KB4521858,2019-10 Servicing Stack Update for Windows Server 2016 for x64-based Systems (KB4521858)
KB4523204,2019-11 Servicing Stack Update for Windows Server 2019 for x64-based Systems (KB4523204)
KB4524244,"NOT IN MS CATALOGecurity update for Windows 10, version 1607, 1703, 1709, 1803, 1809, 1903, 1909, Windows Server 2016 and Windows Server 2019: February 11, 2020"
KB4524445,2019-11 Servicing Stack Update for Windows Server 2012 R2 for x64-based Systems (KB4524445)
KB4525250,2019-11 Security Only Quality Update for Windows Server 2012 R2 for x64-based Systems (KB4525250)
KB4528759,"2020-01 Servicing Stack Update for Windows Server, version 1903 for x64-based Systems (KB4528759)"
KB4530730,2019-12 Security Only Quality Update for Windows Server 2012 R2 for x64-based Systems (KB4530730)
KB4532691,2020-02 Cumulative Update for Windows Server 2019 for x64-based Systems (KB4532691)
KB4532693,"2020-02 Cumulative Update for Windows Server, version 1903 for x64-based Systems (KB4532693)"
KB4532931,"2020-01 Security and Quality Rollup for .NET Framework 4.6, 4.6.1, 4.6.2, 4.7, 4.7.1, 4.7.2 for Windows 8.1 and Server 2012 R2 for x64 (KB4532931)"
KB4532940,2020-01 Security and Quality Rollup for .NET Framework 4.8 for Windows 8.1 and Server 2012 R2 for x64 (KB4532940)
KB4532945,2020-01 Security and Quality Rollup for .NET Framework 3.5.1 on Windows Server 2008 R2 for Itanium-based Systems (KB4532945)
KB4532946,2020-01 Security and Quality Rollup for .NET Framework 3.5 for Windows 8.1 and Server 2012 R2 for x64 (KB4532946)
KB4532961,2020-01 Security Only Update for .NET Framework 3.5 for Windows 8.1 and Server 2012 R2 for x64 (KB4532961)
KB4532970,"2020-01 Security Only Update for .NET Framework 4.6, 4.6.1, 4.6.2, 4.7, 4.7.1, 4.7.2 for Windows 8.1 and Server 2012 R2 for x64 (KB4532970)"
KB4534117,"2020-01 Preview of Quality Rollup for .NET Framework 4.6, 4.6.1, 4.6.2, 4.7, 4.7.1, 4.7.2 for Windows 8.1 and Server 2012 R2 for x64 (KB4534117)"
KB4534134,2020-01 Preview of Quality Rollup for .NET Framework 4.8 for Windows 8.1 and Server 2012 R2 for x64 (KB4534134)
KB4534251,2020-01 Cumulative Security Update for Internet Explorer 11 for Windows Server 2012 R2 for x64-based systems (KB4534251)
KB4534273,2020-01 Cumulative Update for Windows Server 2019 for x64-based Systems (KB4534273)
KB4534309,2020-01 Security Only Quality Update for Windows Server 2012 R2 for x64-based Systems (KB4534309)
KB4534310,2020-01 Security Monthly Quality Rollup for Windows Server 2008 R2 for Itanium-based Systems (KB4534310)
KB4536952,2020-01 Servicing Stack Update for Windows Server 2008 R2 for x64-based Systems (KB4536952)
KB4537482,2020-02 Preview of Quality Rollup for .NET Framework 4.8 for Windows 8.1 and Server 2012 R2 for x64 (KB4537482)
KB4537503,2020-02 Preview of Quality Rollup for .NET Framework 3.5 for Windows 8.1 and Server 2012 R2 for x64 (KB4537503)
KB4537759,2020-02 Security Update for Adobe Flash Player for Windows Server 2019 for x64-based Systems (KB4537759)
KB4537764,2020-02 Cumulative Update for Windows Server 2016 for x64-based Systems (KB4537764)
KB4538674,"2020-02 Servicing Stack Update for Windows Server, version 1909 for x64-based Systems (KB4538674)"
KB4539571,2020-03 Servicing Stack Update for Windows Server 2019 for x64-based Systems (KB4539571)
KB4540723,2020-03 Servicing Stack Update for Windows Server 2016 for x64-based Systems (KB4540723)
KB4540725,2020-03 Servicing Stack Update for Windows Server 2012 R2 for x64-based Systems (KB4540725)
KB4550961,2020-04 Security Monthly Quality Rollup for Windows Server 2012 R2 for x64-based Systems (KB4550961)
KB4550994,2020-04 Servicing Stack Update for Windows Server 2016 for x64-based Systems (KB4550994)
KB4552924,2020-05 Cumulative Update for .NET Framework 3.5 and 4.7.2 for Windows Server 2019 for x64 (KB4552924)
KB4552931,"2020-05 Cumulative Update for .NET Framework 3.5 and 4.8 for Windows Server, version 1909 for x64 (KB4552931)"
KB4552933,2020-05 Security and Quality Rollup for .NET Framework 4.8 for Windows 8.1 and Server 2012 R2 for x64 (KB4552933)
KB4552982,2020-05 Security and Quality Rollup for .NET Framework 3.5 for Windows 8.1 and Server 2012 R2 for x64 (KB4552982)
KB4556813,2020-05 Cumulative Update for Windows Server 2016 for x64-based Systems (KB4556813)
KB4556846,2020-05 Security Monthly Quality Rollup for Windows Server 2012 R2 for x64-based Systems (KB4556846)
KB4558997,2020-07 Servicing Stack Update for Windows Server 2019 for x64-based Systems (KB4558997)
KB4559003,2020-07 Cumulative Update Preview for Windows Server 2019 for x64-based Systems (KB4559003)
KB4561600,2020-06 Security Update for Adobe Flash Player for Windows Server 2019 for x64-based Systems (KB4561600)
KB4561608,2020-06 Cumulative Update for Windows Server 2019 for x64-based Systems (KB4561608)
KB4561666,2020-06 Security Monthly Quality Rollup for Windows Server 2012 R2 for x64-based Systems (KB4561666)
KB4562253,2020-06 Servicing Stack Update for Windows Server 2012 R2 for x64-based Systems (KB4562253)
KB4562562,2020-06 Servicing Stack Update for Windows Server 2019 for x64-based Systems (KB4562562)
KB4562902,2020-07 Cumulative Update Preview for .NET Framework 3.5 and 4.7.2 for Windows Server 2019 for x64 (KB4562902)
KB4565349,2020-08 Cumulative Update for Windows Server 2019 for x64-based Systems (KB4565349)
KB4565351,2020-08 Cumulative Update for Windows 10 Version 1909 for x64-based Systems (KB4565351)
KB4565511,2020-07 Cumulative Update for Windows Server 2016 for x64-based Systems (KB4565511)
KB4565541,2020-07 Security Monthly Quality Rollup for Windows Server 2012 R2 for x64-based Systems (KB4565541)
KB4565613,2020-07 Security and Quality Rollup for .NET Framework 3.5 for Windows 8.1 and Server 2012 R2 for x64 (KB4565613)
KB4565622,"2020-07 Security and Quality Rollup for .NET Framework 4.6, 4.6.1, 4.6.2, 4.7, 4.7.1, 4.7.2 for Windows 8.1 and Server 2012 R2 for x64 (KB4565622)"
KB4565635,2020-07 Security and Quality Rollup for .NET Framework 4.8 for Windows 8.1 and Server 2012 R2 for x64 (KB4565635)
KB4565912,2020-07 Servicing Stack Update for Windows Server 2016 for x64-based Systems (KB4565912)
KB4566371,2020-09 Update for Windows Server 2012 R2 for x64-based Systems (KB4566371)
KB4566424,2020-08 Servicing Stack Update for Windows Server 2019 for x64-based Systems (KB4566424)
KB4566425,2020-07 Servicing Stack Update for Windows Server 2012 R2 for x64-based Systems (KB4566425)
KB4569073,2020-08 Servicing Stack Update for Windows 10 Version 1909 for x64-based Systems (KB4569073)
KB4569753,2020-08 Security and Quality Rollup for .NET Framework 4.8 for Windows 8.1 and Server 2012 R2 for x64 (KB4569753)
KB4569768,2020-08 Security and Quality Rollup for .NET Framework 3.5 for Windows 8.1 and Server 2012 R2 for x64 (KB4569768)
KB4569776,2020-08 Cumulative Update for .NET Framework 3.5 and 4.7.2 for Windows Server 2019 for x64 (KB4569776)
KB4570332,2020-09 Servicing Stack Update for Windows Server 2019 for x64-based Systems (KB4570332)
KB4570720,2020-08 Cumulative Update Preview for .NET Framework 3.5 and 4.7.2 for Windows Server 2019 for x64 (KB4570720)
KB4570723,2020-08 Cumulative Update Preview for .NET Framework 3.5 and 4.8 for Windows 10 Version 1903 (KB4570723)
KB4576486,2020-09 Security and Quality Rollup for .NET Framework 4.8 for Windows 8.1 and Server 2012 R2 for x64 (KB4576486)
KB4576489,2020-09 Security Only Update for .NET Framework 4.8 for Windows 8.1 and Server 2012 R2 for x64 (KB4576489)
KB4576750,2020-09 Servicing Stack Update for Windows Server 2016 for x64-based Systems (KB4576750)
KB4576949,2020-09 Cumulative Update Preview for .NET Framework 3.5 and 4.7.2 for Windows Server 2019 for x64 (KB4576949)
KB4577010,2020-09 Cumulative Security Update for Internet Explorer 11 for Windows Server 2012 R2 for x64-based systems (KB4577010)
KB4577015,2020-09 Cumulative Update for Windows Server 2016 for x64-based Systems (KB4577015)
KB4577066,2020-09 Security Monthly Quality Rollup for Windows Server 2012 R2 for x64-based Systems (KB4577066)
KB4577069,2020-09 Cumulative Update Preview for Windows Server 2019 for x64-based Systems (KB4577069)
KB4577071,2020-09 Security Only Quality Update for Windows Server 2012 R2 for x64-based Systems (KB4577071)
KB958488,NOT IN MS CATALOGhared Components for Microsoft .NET Framework on Windows 7 and on Windows Server 2008 R2
KB976902,NOT IN MS CATALOGpdate for Windows 7 for x64 based systems (KB976902)
KB976932,Windows Server 2008 R2 Service Pack 1 for x64-based Systems (KB976932)
KB977236,Update for Best Practices Analyzer for DHCP Server for Windows Server 2008 R2 x64 Edition (KB977236)
KB977238,Update for Best Practices Analyzer for HYPER-V for Windows Server 2008 R2 x64 Edition (KB977238)
KB977239,Update for Best Practices Analyzer for Network Policy and Access Services for Windows Server 2008 R2 x64 Edition (NPAS) (KB977239)
KB981111,Update for Best Practices Analyzer for File Services for Windows Server 2008 R2 x64 Edition (KB981111)
KB981390,Update for Best Practices Analyzer for Windows Server Update Services for Windows Server 2008 R2 x64 Edition (KB981390)
KB981391,Update for Best Practices Analyzer for Active Directory Rights Management Services for Windows Server 2008 R2 x64 Edition (KB981391)
KB981392,Update for Best Practices Analyzer for Application Server for Windows Server 2008 R2 x64 Edition (KB981392)
KB982018,Update for Windows Server 2008 R2 x64 Edition (KB982018)
KB4570333,2020-09 Cumulative Update for Windows Server 2019 for x64-based Systems (KB4570333)
KB4565625,2020-07 Cumulative Update for .NET Framework 3.5 and 4.7.2 for Windows Server 2019 for x64 (KB4565625)
KB4521862,2019-10 Servicing Stack Update for Windows Server 2019 for x64-based Systems (KB4521862)
KB4519569,2019-10 Cumulative Update for .NET Framework 3.5 and 4.7.2 for Windows Server 2019 for x64 (KB4519569)
KB4490128,Not in lookup table
KB3132080,Not in lookup table
KB3027209,Not in lookup table
KB3013410,Not in lookup table
KB2884846,Not in lookup table
KB2898514,Not in lookup table
KB2898742,Not in lookup table
KB2898871,Not in lookup table
KB2901101,Not in lookup table
KB2901128,Not in lookup table
KB2906956,Not in lookup table
KB2908174,Not in lookup table
KB2913152,Not in lookup table
KB2913270,Not in lookup table
KB2914218,Not in lookup table
KB2923528,Not in lookup table
KB2931366,Not in lookup table
KB2939087,Not in lookup table
KB4539601,2020-01 Preview of Monthly Quality Rollup for Windows Server 2008 R2 for x64-based Systems (KB4539601)
KB4550738,2020-04 Servicing Stack Update for Windows Server 2008 R2 for x64-based Systems (KB4550738)
KB4565354,2020-07 Servicing Stack Update for Windows Server 2008 R2 for x64-based Systems (KB4565354)
KB4578966,2020-10 Cumulative Update for .NET Framework 3.5 and 4.7.2 for Windows Server 2019 for x64 (KB4578966)
KB4580325,2020-10 Security Update for Adobe Flash Player for Windows Server 2016 for x64-based Systems (KB4580325)
KB4577667,2020-10 Servicing Stack Update for Windows Server 2019 for x64-based Systems (KB4577667)
KB4577668,2020-10 Cumulative Update for Windows Server 2019 for x64-based Systems (KB4577668)
KB4580346,2020-10 Cumulative Update for Windows Server 2016 for x64-based Systems (KB4580346)
KB4576614,"2020-09 Security and Quality Rollup for .NET Framework 4.6, 4.6.1, 4.6.2, 4.7, 4.7.1, 4.7.2 for Windows 8.1 and Server 2012 R2 for x64 (KB4576614)"
KB4578953,2020-10 Security and Quality Rollup for .NET Framework 3.5 for Windows 8.1 and Server 2012 R2 for x64 (KB4578953)
KB4578976,2020-10 Security and Quality Rollup for .NET Framework 4.8 for Windows 8.1 and Server 2012 R2 for x64 (KB4578976)
KB4580347,2020-10 Security Monthly Quality Rollup for Windows Server 2012 R2 for x64-based Systems (KB4580347)
KB4574727,2020-09 Cumulative Update for Windows 10 Version 1909 for x64-based Systems (KB4574727)
KB4576751,2020-09 Servicing Stack Update for Windows 10 Version 1909 for x64-based Systems (KB4576751)
KB4578974,"2020-10 Cumulative Update for .NET Framework 3.5 and 4.8 for Windows Server, version 1909 for x64 (KB4578974)"
KB4580422,2020-10 Cumulative Update Preview for .NET Framework 3.5 and 4.7.2 for Windows Server 2019 for x64 (KB4580422)
KB4578623,2020-10 Update for Windows Server 2012 R2 for x64-based Systems (KB4578623)
KB4578962,"2020-10 Security and Quality Rollup for .NET Framework 4.6, 4.6.1, 4.6.2, 4.7, 4.7.1, 4.7.2 for Windows 8.1 and Server 2012 R2 for x64 (KB4578962)"
KB4578981,2020-10 Security Only Update for .NET Framework 3.5 for Windows 8.1 and Server 2012 R2 for x64 (KB4578981)
KB4578986,"2020-10 Security Only Update for .NET Framework 4.6, 4.6.1, 4.6.2, 4.7, 4.7.1, 4.7.2 for Windows 8.1 and Server 2012 R2 for x64 (KB4578986)"
KB4578989,2020-10 Security Only Update for .NET Framework 4.8 for Windows 8.1 and Server 2012 R2 for x64 (KB4578989)
KB4580358,2020-10 Security Only Quality Update for Windows Server 2012 R2 for x64-based Systems (KB4580358)
KB4569732,2020-08 Security Only Update for .NET Framework 4.8 for Windows 8.1 and Server 2012 R2 for x64 (KB4569732)
KB4569737,2020-08 Security Only Update for .NET Framework 3.5 for Windows 8.1 and Server 2012 R2 for x64 (KB4569737)
KB4569739,"2020-08 Security Only Update for .NET Framework 4.6, 4.6.1, 4.6.2, 4.7, 4.7.1, 4.7.2 for Windows 8.1 and Server 2012 R2 for x64 (KB4569739)"
KB4586830,2020-11 Cumulative Update for Windows Server 2016 for x64-based Systems (KB4586830)
KB4593226,2020-12 Cumulative Update for Windows Server 2016 for x64-based Systems (KB4593226)
KB4562561,2020-06 Servicing Stack Update for Windows Server 2016 for x64-based Systems (KB4562561)
KB4549947,2020-04 Servicing Stack Update for Windows Server 2019 for x64-based Systems (KB4549947)
KB4585212,2020-11 Security and Quality Rollup for .NET Framework 4.8 for Windows 8.1 and Server 2012 R2 for x64 (KB4585212)
KB4592484,2020-12 Security Monthly Quality Rollup for Windows Server 2012 R2 for x64-based Systems (KB4592484)
KB4586793,2020-11 Cumulative Update for Windows Server 2019 for x64-based Systems (KB4586793)
KB4586839,2020-11 Cumulative Update Preview for Windows Server 2019 for x64-based Systems (KB4586839)
KB4586875,2020-11 Cumulative Update Preview for .NET Framework 3.5 and 4.7.2 for Windows Server 2019 for x64 (KB4586875)
KB4586877,2020-11 Cumulative Update Preview for .NET Framework 3.5 and 4.8 for Windows Server 2019 for x64 (KB4586877)
KB4587735,2020-11 Servicing Stack Update for Windows Server 2019 for x64-based Systems (KB4587735)
KB4592440,2020-12 Cumulative Update for Windows Server 2019 for x64-based Systems (KB4592440)
KB4598230,2021-01 Cumulative Update for Windows Server 2019 for x64-based Systems (KB4598230)
KB4598480,2021-01 Servicing Stack Update for Windows Server 2019 for x64-based Systems (KB4598480)
KB4601060,2021-02 Cumulative Update for .NET Framework 3.5 and 4.7.2 for Windows Server 2019 for x64 (KB4601060)
KB4601345,2021-02 Cumulative Update for Windows Server 2019 for x64-based Systems (KB4601345)
KB4601393,2021-02 Servicing Stack Update for Windows Server 2019 for x64-based Systems (KB4601393)
KB4486129,Microsoft .NET Framework 4.8 for Windows 10 Version 1607 and Windows Server 2016 for x64 (KB4486129)
KB4535680,"Security Update for Windows Server, version 1909 for x64-based Systems (KB4535680)"
KB4585207,2020-11 Cumulative Update for .NET Framework 4.8 for Windows Server 2016 for x64 (KB4585207)
KB4601318,2021-02 Cumulative Update for Windows Server 2016 for x64-based Systems (KB4601318)
KB5001078,2021-02 Servicing Stack Update for Windows Server 2016 for x64-based Systems (KB5001078)
KB4586845,2020-11 Security Monthly Quality Rollup for Windows Server 2012 R2 for x64-based Systems (KB4586845)
KB4592495,2020-12 Security Only Quality Update for Windows Server 2012 R2 for x64-based Systems (KB4592495)
KB4597253,2021-01 Security and Quality Rollup for .NET Framework 4.8 for Windows 8.1 and Server 2012 R2 for x64 (KB4597253)
KB4598275,2021-01 Security Only Quality Update for Windows Server 2012 R2 for x64-based Systems (KB4598275)
KB4598285,2021-01 Security Monthly Quality Rollup for Windows Server 2012 R2 for x64-based Systems (KB4598285)
KB4601058,2021-02 Security and Quality Rollup for .NET Framework 4.8 for Windows Server 2012 R2 for x64 (KB4601058)
KB4601092,2021-02 Security Only Update for .NET Framework 4.8 for Windows Server 2012 R2 for x64 (KB4601092)
KB4601349,2021-02 Security Only Quality Update for Windows Server 2012 R2 for x64-based Systems (KB4601349)
KB4601384,2021-02 Security Monthly Quality Rollup for Windows Server 2012 R2 for x64-based Systems (KB4601384)
KB4486153,Microsoft .NET Framework 4.8 for Windows 10 Version 1809 and Windows Server 2019 for x64 (KB4486153)
KB4577586,"Update for Removal of Adobe Flash Player for Windows Server, version 1909 for x64-based systems (KB4577586)"
KB4601555,2021-02 Cumulative Update Preview for .NET Framework 3.5 and 4.8 for Windows Server 2019 for x64 (KB4601555)
KB4601558,2021-02 Cumulative Update Preview for .NET Framework 3.5 and 4.7.2 for Windows Server 2019 for x64 (KB4601558)
KB4598243,2021-01 Cumulative Update for Windows Server 2016 for x64-based Systems (KB4598243)
KB4601051,2021-02 Cumulative Update for .NET Framework 4.8 for Windows Server 2016 for x64 (KB4601051)
KB4601055,2021-02 Cumulative Update for .NET Framework 3.5 and 4.8 for Windows Server 2019 for x64 (KB4601055)
KB5000822,2021-03 Cumulative Update for Windows Server 2019 for x64-based Systems (KB5000822)
KB5000859,2021-03 Servicing Stack Update for Windows Server 2019 for x64-based Systems (KB5000859)
KB4589210,2021-01 Update for Windows Server 2016 for x64-based Systems (KB4589210)
KB5001078,2021-02 Servicing Stack Update for Windows Server 2016 for x64-based Systems (KB5001078)
KB5000803,2021-03 Cumulative Update for Windows Server 2016 for x64-based Systems (KB5000803)
KB4589208,2021-01 Update for Windows Server 2019 for x64-based Systems (KB4589208)
KB5001404,2021-04 Servicing Stack Update for Windows Server 2019 for x64-based Systems (KB5001404)
KB5003243,2021-05 Servicing Stack Update for Windows Server 2019 for x64-based Systems (KB5003243)
KB5003255,2021-05 Cumulative Update Preview for .NET Framework 3.5 and 4.8 for Windows Server 2019 for x64 (KB5003255)
KB5003258,2021-05 Cumulative Update Preview for .NET Framework 3.5 and 4.7.2 for Windows Server 2019 for x64 (KB5003258)
KB5003646,2021-06 Cumulative Update for Windows Server 2019 for x64-based Systems (KB5003646)
KB5003711,2021-06 Servicing Stack Update for Windows Server 2019 for x64-based Systems (KB5003711)
KB5001402,2021-04 Servicing Stack Update for Windows Server 2016 for x64-based Systems (KB5001402)
KB5003197,2021-05 Cumulative Update for Windows Server 2016 for x64-based Systems (KB5003197)
KB5003542,2021-06 Cumulative Update for .NET Framework 4.8 for Windows Server 2016 for x64 (KB5003542)
KB5003638,2021-06 Cumulative Update for Windows Server 2016 for x64-based Systems (KB5003638)
KB4601275,2021-04 Update for Windows Server 2012 R2 for x64-based Systems (KB4601275)
KB5000800,2021-03 Cumulative Security Update for Internet Explorer 11 for Windows Server 2012 R2 for x64-based systems (KB5000800)
KB5000853,2021-03 Security Only Quality Update for Windows Server 2012 R2 for x64-based Systems (KB5000853)
KB5001393,2021-04 Security Only Quality Update for Windows Server 2012 R2 for x64-based Systems (KB5001393)
KB5001403,2021-04 Servicing Stack Update for Windows Server 2012 R2 for x64-based Systems (KB5001403)
KB5003165,2021-05 Cumulative Security Update for Internet Explorer 11 for Windows Server 2012 R2 for x64-based systems (KB5003165)
KB5003220,2021-05 Security Only Quality Update for Windows Server 2012 R2 for x64-based Systems (KB5003220)
KB5003545,2021-06 Security and Quality Rollup for .NET Framework 4.8 for Windows Server 2012 R2 for x64 (KB5003545)
KB5003636,2021-06 Cumulative Security Update for Internet Explorer 11 for Windows Server 2012 R2 for x64-based systems (KB5003636)
KB5003671,2021-06 Security Monthly Quality Rollup for Windows Server 2012 R2 for x64-based Systems (KB5003671)
KB5003681,2021-06 Security Only Quality Update for Windows Server 2012 R2 for x64-based Systems (KB5003681)
KB5001342,2021-04 Cumulative Update for Windows Server 2019 for x64-based Systems (KB5001342)
KB5003171,2021-05 Cumulative Update for Windows Server 2019 for x64-based Systems (KB5003171)
KB5003217,2021-05 Cumulative Update Preview for Windows Server 2019 for x64-based Systems (KB5003217)
KB5003538,2021-07 Cumulative Update for .NET Framework 3.5 and 4.8 for Windows Server 2019 for x64 (KB5003538)
KB5003541,2021-07 Cumulative Update for .NET Framework 3.5 and 4.7.2 for Windows Server 2019 for x64 (KB5003541)
KB5004244,2021-07 Cumulative Update for Windows Server 2019 for x64-based Systems (KB5004244)
KB5004332,2021-07 Cumulative Update Preview for .NET Framework 3.5 and 4.8 for Windows Server 2019 for x64 (KB5004332)
KB5004335,2021-07 Cumulative Update Preview for .NET Framework 3.5 and 4.7.2 for Windows Server 2019 for x64 (KB5004335)
KB5004947,2021-07 Cumulative Update for Windows Server 2019 for x64-based Systems (KB5004947)
KB4578969,2020-10 Cumulative Update for .NET Framework 4.8 for Windows Server 2016 for x64 (KB4578969)
KB4601392,NOT IN MS CATALOG021-02 Servicing Stack Update for Windows Server 2016 for x64-based Systems (KB4601392) 
KB5001347,2021-04 Cumulative Update for Windows Server 2016 for x64-based Systems (KB5001347)
KB5004115,2021-07 Cumulative Update for .NET Framework 4.8 for Windows Server 2016 for x64 (KB5004115)
KB5004238,2021-07 Cumulative Update for Windows Server 2016 for x64-based Systems (KB5004238)
KB5000848,2021-03 Security Monthly Quality Rollup for Windows Server 2012 R2 for x64-based Systems (KB5000848)
KB5001088,NOT IN MS CATALOG
KB5001640,2021-03 Update for Windows Server 2012 R2 for x64-based Systems (KB5001640)
KB5001845,2021-05 Security and Quality Rollup for .NET Framework 4.8 for Windows Server 2012 R2 for x64 (KB5001845)
KB5003209,2021-05 Security Monthly Quality Rollup for Windows Server 2012 R2 for x64-based Systems (KB5003209)
KB5004118,2021-07 Security and Quality Rollup for .NET Framework 4.8 for Windows Server 2012 R2 for x64 (KB5004118)
KB5004233,2021-07 Cumulative Security Update for Internet Explorer 11 for Windows Server 2012 R2 for x64-based systems (KB5004233)
KB5004285,2021-07 Security Only Quality Update for Windows Server 2012 R2 for x64-based Systems (KB5004285)
KB5004298,2021-07 Security Monthly Quality Rollup for Windows Server 2012 R2 for x64-based Systems (KB5004298)
KB5004954,2021-07 Security Monthly Quality Rollup for Windows Server 2012 R2 for x64-based Systems (KB5004954)
KB5004958,2021-07 Security Only Quality Update for Windows Server 2012 R2 for x64-based Systems (KB5004958)
KB5005030,2021-08 Cumulative Update for Windows Server 2019 for x64-based Systems (KB5005030)
KB5005112,2021-08 Servicing Stack Update for Windows Server 2019 for x64-based Systems (KB5005112)
KB5005543,2021-10 Cumulative Update for .NET Framework 3.5 and 4.7.2 for Windows Server 2019 for x64 (KB5005543)
KB5005568,2021-09 Cumulative Update for Windows Server 2019 for x64-based Systems (KB5005568)
KB5005625,2021-09 Cumulative Update Preview for Windows Server 2019 for x64-based Systems (KB5005625)
KB5005701,NOT IN MS CATALOG
KB5006672,2021-10 Cumulative Update for Windows Server 2019 for x64-based Systems (KB5006672)
KB5006754,NOT IN MS CATALOG
KB5007206,2021-11 Cumulative Update for Windows Server 2019 for x64-based Systems (KB5007206)
KB5007295,2021-11 Cumulative Update Preview for .NET Framework 3.5 and 4.7.2 for Windows Server 2019 for x64 (KB5007295)
KB5008218,2021-12 Cumulative Update for Windows Server 2019 for x64-based Systems (KB5008218)
KB5008287,NOT IN MS CATALOG
KB5008873,2022-01 Cumulative Update for .NET Framework 3.5 and 4.7.2 for Windows Server 2019 for x64 (KB5008873)
KB5009468,2022-02 Cumulative Update for .NET Framework 3.5 and 4.8 for Windows Server 2019 for x64 (KB5009468)
KB5009472,2022-02 Cumulative Update for .NET Framework 3.5 and 4.7.2 for Windows Server 2019 for x64 (KB5009472)
KB5009557,2022-01 Cumulative Update for Windows Server 2019 for x64-based Systems (KB5009557)
KB5009642,NOT IN MS CATALOG
KB5010351,2022-02 Cumulative Update for Windows Server 2019 for x64-based Systems (KB5010351)
KB5006752,NOT IN MS CATALOG
KB5007205,2021-11 Cumulative Update for Microsoft server operating system version 21H2 for x64-based Systems (KB5007205)
KB5008882,2022-01 Cumulative Update for .NET Framework 3.5 and 4.8 for Microsoft server operating system version 21H2 for x64 (KB5008882)
KB5009470,2022-02 Cumulative Update for .NET Framework 3.5 and 4.8 for Microsoft server operating system version 21H2 for x64 (KB5009470)
KB5009608,2022-01 Cumulative Update Preview for Microsoft server operating system version 21H2 for x64-based Systems (KB5009608)
KB5009639,NOT IN MS CATALOG
KB5004752,2021-08 Cumulative Update for .NET Framework 4.8 for Windows Server 2016 for x64 (KB5004752)
KB5005043,2021-08 Cumulative Update for Windows Server 2016 for x64-based Systems (KB5005043)
KB5005698,2021-09 Servicing Stack Update for Windows Server 2016 for x64-based Systems (KB5005698)
KB5010359,2022-02 Cumulative Update for Windows Server 2016 for x64-based Systems (KB5010359)
KB5010460,2022-02 Cumulative Update for .NET Framework 4.8 for Windows Server 2016 for x64 (KB5010460)
KB4534119,2020-01 Cumulative Update for .NET Framework 3.5 and 4.7.2 for Windows Server 2019 for x64 (KB4534119)
KB5012675,NOT IN MS CATALOG
KB5013892,2022-05 Cumulative Update Preview for .NET Framework 3.5 and 4.7.2 for Windows Server 2019 for x64 (KB5013892)
KB5014031,NOT IN MS CATALOG
KB5014692,2022-06 Cumulative Update for Windows Server 2019 for x64-based Systems (KB5014692)
KB5015811,2022-07 Cumulative Update for Windows Server 2019 for x64-based Systems (KB5015811)
KB5013626,2022-05 Cumulative Update for .NET Framework 3.5 and 4.8 for Windows Server 2019 for x64 (KB5013626)
KB5014797,NOT IN MS CATALOG
KB5013641,2022-05 Cumulative Update for .NET Framework 3.5 and 4.7.2 for Windows Server 2019 for x64 (KB5013641)
KB5014025,2022-05 Servicing Stack Update for Windows Server 2012 R2 for x64-based Systems (KB5014025)
KB5014633,2022-06 Security and Quality Rollup for .NET Framework 4.8 for Windows Server 2012 R2 for x64 (KB5014633)
KB5013638,2022-05 Security and Quality Rollup for .NET Framework 3.5 for Windows Server 2012 R2 for x64 (KB5013638)
KB5016264,2022-07 Servicing Stack Update for Windows Server 2012 R2 for x64-based Systems (KB5016264)
KB5015874,2022-07 Security Monthly Quality Rollup for Windows Server 2012 R2 for x64-based Systems (KB5015874)
KB5016268,2022-07 Security and Quality Rollup for .NET Framework 3.5 for Windows Server 2012 R2 for x64 (KB5016268)
KB5015736,2022-08 Cumulative Update for .NET Framework 3.5 and 4.7.2 for Windows Server 2019 for x64 (KB5015736)
KB5012170,2022-08 Security Update for Windows Server for x64-based Systems (KB5012170)
KB5015731,2022-08 Cumulative Update for .NET Framework 3.5 and 4.8 for Windows Server 2019 for x64 (KB5015731)
KB5016370,2022-08 Security and Quality Rollup for .NET Framework 4.8 for Windows Server 2012 R2 for x64 (KB5016370)
KB5016681,2022-08 Security Monthly Quality Rollup for Windows Server 2012 R2 for x64-based Systems (KB5016681)
KB5015805,2022-07 Cumulative Security Update for Internet Explorer 11 for Windows Server 2012 R2 for x64-based systems (KB5015805)
KB5015877,2022-07 Security Only Quality Update for Windows Server 2012 R2 for x64-based Systems (KB5015877)
KB5015896,NOT IN MS CATALOG
KB5016623,2022-08 Cumulative Update for Windows Server 2019 for x64-based Systems (KB5016623)
KB5016058,2022-07 Servicing Stack Update for Windows Server 2016 for x64-based Systems (KB5016058)
KB5016622,2022-08 Cumulative Update for Windows Server 2016 for x64-based Systems (KB5016622)
KB5017095,2022-08 Servicing Stack Update for Windows Server 2016 for x64-based Systems (KB5017095)
KB5016373,2022-08 Cumulative Update for .NET Framework 4.8 for Windows Server 2016 for x64 (KB5016373)
KB5016627,2022-08 Cumulative Update for Microsoft server operating system version 21H2 for x64-based Systems (KB5016627)
KB5015897,NOT IN MS CATALOG
KB5016595,2022-08 Cumulative Update Preview for .NET Framework 3.5 and 4.8 for Microsoft server operating system version 21H2 for x64 (KB5016595)
KB5016713,2022-09 Cumulative Update for .NET Framework 3.5 and 4.7.2 for Windows Server 2019 for x64 (KB5016713)
KB5017315,"	2022-09 Cumulative Update for Windows Server 2019 for x64-based Systems (KB5017315)"
KB5023705,"2023-03 Cumulative Update for Microsoft server operating system, version 22H2 for x64-based Systems (KB5023705)"
KB5023793,NOT IN MS CATALOG
KB5022507,"2023-02 Cumulative Update for .NET Framework 3.5 and 4.8 for Microsoft server operating system, version 22H2 for x64 (KB5022507)"
KB5023765,2023-03 Security Monthly Quality Rollup for Windows Server 2012 R2 for x64-based Systems (KB5023765)
KB5023790,2023-03 Servicing Stack Update for Windows Server 2012 R2 for x64-based Systems (KB5023790)
KB5007374,2021-11 Dynamic Update for Microsoft server operating system for x64-based Systems (KB5007374)
KB5023702,2023-03 Cumulative Update for Windows Server 2019 for x64-based Systems (KB5023702)
KB5023789,NOT IN MS CATALOG
KB5025229,2023-04 Cumulative Update for Windows Server 2019 for x64-based Systems (KB5025229)
KB5026362,2023-05 Cumulative Update for Windows Server 2019 for x64-based Systems (KB5026362)
KB5028316,NOT IN MS CATALOG
KB5030505,NOT IN MS CATALOG
KB5029925,2023-09 Cumulative Update for .NET Framework 3.5 and 4.8 for Windows Server 2019 for x64 (KB5029925)
KB5030214,2023-09 Cumulative Update for Windows Server 2019 for x64-based Systems (KB5030214)
KB5031590,NOT IN MS CATALOG
KB5030999,"2023-10 Cumulative Update for .NET Framework 3.5 and 4.8 for Microsoft server operating system, version 22H2 for x64 (KB5030999)"
KB5031364,"2023-10 Cumulative Update for Microsoft server operating system, version 22H2 for x64-based Systems (KB5031364)"
KB5031589,NOT IN MS CATALOG
KB5031005,2023-10 Cumulative Update for .NET Framework 3.5 and 4.7.2 for Windows Server 2019 for x64 (KB5031005)
KB5031361,2023-10 Cumulative Update for Windows Server 2019 for x64-based Systems (KB5031361)
KB5031362,2023-10 Cumulative Update for Windows Server 2016 for x64-based Systems (KB5031362)
KB5030504,2023-09 Servicing Stack Update for Windows Server 2016 for x64-based Systems (KB5030504)
KB5031010,2023-10 Cumulative Update for .NET Framework 3.5 and 4.8 for Windows Server 2019 for x64 (KB5031010)
KB5031000,2023-10 Cumulative Update for .NET Framework 4.8 for Windows Server 2016 for x64 (KB5031000)
KB5032306,2023-11 Exchange Servicing Stack
KB5032196,2023-11 Cumulative Update for Windows Server 2019 for x64-based Systems (KB5032196)
KB5031990,2023-11 Cumulative Update for .NET Framework 3.5 and 4.8 for Windows Server 2019 for x64 (KB5031990)
KB5034770,2024-02 Cumulative Update for Microsoft server operating system version 21H2 for x64-based Systems (KB5034770)
KB5034613,"2024-02 Cumulative Update for .NET Framework 3.5 and 4.8 for Microsoft server operating system, version 22H2 for x64 (KB5034613)"
KB5034619,2024-02 Cumulative Update for .NET Framework 3.5 and 4.7.2 for Windows Server 2019 for x64 (KB5034619)
KB5034768,2024-02 Cumulative Update for Windows Server 2019 for x64-based Systems (KB5034768)
KB5035857,"2024-03 Cumulative Update for Microsoft server operating system, version 22H2 for x64-based Systems (KB5035857)"
KB5035970,NOT IN MS CATALOG
KB5037017,2024-04 Servicing Stack Update for Windows Server 2019 for x64-based Systems (KB5037016)
KB5036896,2024-04 Cumulative Update for Windows Server 2019 for x64-based Systems (KB5036896)
KB5036604,2024-04 Cumulative Update for .NET Framework 3.5 and 4.7.2 for Windows Server 2019 for x64 (KB5036604)
KB5037016,2024-04 Servicing Stack Update for Windows Server 2016 for x64-based Systems (KB5037016)
KB5036899,2024-04 Cumulative Update for Windows Server 2016 for x64-based Systems (KB5036899)
KB5035963,2024-03 Servicing Stack Update for Windows Server 2019 for x64-based Systems (KB5037016)
KB5037933,2024-05 Cumulative Update for .NET Framework 3.5 and 4.8 for Windows Server 2019 for x64 (KB5037933)
KB5039705,2024-05 Cumulative Update for Windows Server 2019 for x64-based Systems (KB5039705)
KB5037960,NOT IN MS CATALOG
KB5037930,"2024-05 Cumulative Update for .NET Framework 3.5 and 4.8 for Microsoft server operating system, version 22H2 for x64 (KB5037930)"
KB5037782,"2024-05 Cumulative Update for Microsoft server operating system, version 22H2 for x64-based Systems (KB5037782)"
KB5037763,2024-05 Cumulative Update for Windows Server 2016 for x64-based Systems (KB5037763)
KB5039335,2024 Servicing Stack Update for Windows Server 2019 for x64-based Systems (KB5039335)
KB5039217,2024-06 Cumulative Update for Windows Server 2019 for x64-based Systems (KB5039217)
KB5040563,2024 Servicing Stack Update for Windows Server 2019 for x64-based Systems (KB5039335)
KB5039886,2024-07 Cumulative Update for .NET Framework 3.5 and 4.8 for Windows Server 2019 for x64 (KB5039886)
KB5040430,2024-07 Cumulative Update for Windows Server 2019 for x64-based Systems (KB5040430)
